clc,party_code,party_name,official_name,raw_name,category,status,same_party_circuits,same_party_coverage_pct,other_party_circuits,matching_assigned_circuits,observed_labels,geometry_valid,geometry_reason
06119060,06119,Brandsen,Gómez,Gomez,Componente de localidad compuesta,official_locality_not_represented,151,100.0,,,Barrio Las Golondrinas,True,
06588040,06588,9 de Julio,Dudignac,Dudignac,Localidad simple,represented_in_assignment,706,100.0,,706,Dudignac,True,
06651030,06651,Puán,Darregueira,Darregueira,Localidad simple,represented_in_assignment,777,100.0,,777,Darregueira,True,
06154050,06154,Carlos Tejedor,Tres Algarrobos,Tres Algarrobos,Localidad simple,represented_in_assignment,173,100.0,,173,Tres Algarrobos,True,
06497070,06497,Luján,Olivera,Olivera,Localidad simple,represented_in_assignment,603,99.9997,,603,Olivera,True,
06778015,06778,San Vicente,El Lauquen - Principado,El Lauquen - Principado,Componente de localidad compuesta,represented_in_assignment,924,100.0,,924,El Lauquen - Principado,True,
06168010,06168,Castelli,Castelli,Castelli,Localidad simple,represented_in_assignment,185,100.0,,185,Castelli,True,
06875060,06875,Villarino,Médanos,Modanos,Localidad simple,official_locality_not_represented,1007,100.0,,,Country Club Los Médanos,True,
06420040,06420,La Costa,Mar del Tuyú - Mar de Ajó - San Bernardo,Mar del Tuya - Mar de Aj  - San Bernardo,Localidad simple,represented_in_assignment,337E | 337D | 337C | 337B | 337A,99.4976,338A,337E | 337D | 337C | 337B | 337A,Mar del Tuyú - Mar de Ajó - San Bernardo,True,
06294040,06294,General Arenales,Ferré - La Trinidad,Ferrl - La Trinidad,Localidad simple,represented_in_assignment,317,100.0,,317,Ferré - La Trinidad,True,
06406010,06406,Hipólito Yrigoyen,Henderson,Henderson,Localidad simple,represented_in_assignment,742,100.0,,742,Henderson,True,
06175010,06175,Colón,Colón,Colan,Localidad simple,represented_in_assignment,230,100.0,,230,Colón,True,
06189030,06189,Coronel Dorrego,Coronel Dorrego,Coronel Dorrego,Localidad simple,represented_in_assignment,232,100.0,,232,Coronel Dorrego,True,
06392040,06392,General Villegas,Emilio V. Bunge,Emilio V. Bunge,Localidad simple,represented_in_assignment,415,100.0,,415,Emilio V. Bunge,True,
06385010,06385,General Viamonte,Baigorrita,Baigorrita,Localidad simple,represented_in_assignment,408,99.0113,448,408,Baigorrita,True,
06511020,06511,Maipú,Maipú,Maipl,Localidad simple,represented_in_assignment,615,99.7033,326,615,Maipú,True,
06280040,06280,General Alvarado,Miramar,Miramar,Componente de localidad compuesta,official_locality_not_represented,305,99.4523,,,El Marquesado,True,
06679010,06679,Rivadavia,América,Amcrica,Localidad simple,represented_in_assignment,815,100.0,,815,América,True,
06693020,06693,Roque Pérez,Roque Pérez,Roque Parez,Localidad simple,represented_in_assignment,834 | 832,100.0,,834 | 832,Roque Pérez,True,
06343030,06343,General Paz,Ranchos,Ranchos,Localidad simple,represented_in_assignment,345 | 346,100.0,,345 | 346,Ranchos,True,
06147030,06147,Carlos Casares,Carlos Casares,Carlos Casares,Localidad simple,represented_in_assignment,164,100.0,,164,Carlos Casares,True,
06056010,06056,Bahía Blanca,Bahía Blanca,Bahaa Blanca,Localidad simple,represented_in_assignment,92 | 93 | 74 | 73 | 87 | 84 | 91 | 72 | 83 | 79 | 75 | 78 | 86 | 89 | 90 | 77 | 88 | 85 | 76,99.9863,,92 | 93 | 74 | 73 | 87 | 84 | 91 | 72 | 83 | 79 | 75 | 78 | 86 | 89 | 90 | 77 | 88 | 85 | 76,Bahía Blanca,True,
06623140,06623,Pergamino,Villa San José,Villa San Josl,Componente de localidad compuesta,official_locality_not_represented,755,94.8379,855,,Arroyo Dulce,True,
06294010,06294,General Arenales,Arribeños,Arribedos,Localidad simple,represented_in_assignment,318,100.0,,318,Arribeños,True,
06875070,06875,Villarino,Pedro Luro,Pedro Luro,Localidad simple,represented_in_assignment,1011,99.3174,733,1011,Pedro Luro,True,
06049040,06049,Azul,Chillar,Chillar,Localidad simple,represented_in_assignment,62,100.0,,62,Chillar,True,
06609080,06609,Pehuajó,Pehuajó,Pehuajd,Localidad simple,represented_in_assignment,734,99.9457,,734,Pehuajó,True,
06161010,06161,Carmen de Areco,Carmen de Areco,Carmen de Areco,Localidad simple,represented_in_assignment,175,100.0,,175,Carmen de Areco,True,
06658010,06658,Quilmes,Quilmes,Quilmes,Componente de localidad compuesta,represented_in_assignment,788C | 785B | 785A | 788 | 788A | 791A | 788B | 791B | 785 | 786A | 787A | 787 | 786 | 791 | 784 | 783 | 783A,99.6254,,785B | 785A | 785 | 787A | 787 | 784 | 783 | 783A,Almirante Brown | Avellaneda | Berazategui | Florencio Varela | Quilmes,True,
06315010,06315,General Juan Madariaga,General Juan Madariaga,General Juan Madariaga,Localidad simple,represented_in_assignment,342 | 340,100.0,,340,Divisadero | General Juan Madariaga,True,
06714010,06714,Salto,Arroyo Dulce,Arroyo Dulce,Componente de localidad compuesta,represented_in_assignment,855,99.7708,755,855,Arroyo Dulce,True,
06651080,06651,Puán,Puan,Puan,Localidad simple,represented_in_assignment,776,100.0,,776,Puan,True,
06119045,06119,Brandsen,Campos de Roca - Posada de Los Lagos,Campos de Roca - Posada de Los Lagos,Componente de localidad compuesta,represented_in_assignment,149,99.8358,498,149,Campos de Roca - Posada de Los Lagos,True,
06056030,06056,Bahía Blanca,General Daniel Cerri,General Daniel Cerri,Localidad simple,official_locality_not_represented,88,100.0,,,Bahía Blanca,True,
06812010,06812,Tordillo,General Conesa,General Conesa,Localidad simple,represented_in_assignment,951,100.0,,951,General Conesa,True,
06497025,06497,Luján,Club de Campo Los Puentes,Club de Campo Los Puentes,Componente de localidad compuesta,represented_in_assignment,597,100.0,,597,Club de Campo Los Puentes,True,
06518010,06518,Mar Chiquita,Coronel Vidal,Coronel Vidal,Localidad simple,represented_in_assignment,619,100.0,,619,Coronel Vidal,True,
06203100,06203,Coronel Suárez,Villa Arcadia,Villa Arcadia,Componente de localidad compuesta,official_locality_not_represented,256A,98.8916,955A,,Sierra de la Ventana,True,
06266040,06266,Exaltación de la Cruz,Los Cardales,Los Cardales,Componente de localidad compuesta,official_locality_not_represented,293,99.8854,769,,Campana,True,
06266150,06266,Exaltación de la Cruz,Las Vizcachas,Las Vizcachas,Componente de localidad compuesta,official_locality_not_represented,293,100.0,,,Campana,True,
06469080,06469,Lincoln,Lincoln,Lincoln,Localidad simple,represented_in_assignment,555 | 557 | 554 | 558 | 556,100.0,,555 | 557 | 554 | 558 | 556,Lincoln,True,
06875040,06875,Villarino,Juan Cousté,Juan CoustJ,Localidad simple,represented_in_assignment,1008,100.0,,1008,Juan Cousté,True,
06875050,06875,Villarino,Mayor Buratovich,Mayor Buratovich,Localidad simple,represented_in_assignment,1010,99.9218,,1010,Mayor Buratovich,True,
06466010,06466,Lezama,Lezama,Lezama,Localidad simple,represented_in_assignment,207L,100.0,,207L,Lezama,True,
06392050,06392,General Villegas,General Villegas,General Villegas,Localidad simple,represented_in_assignment,411,100.0,,411,General Villegas,True,
06700060,06700,Saavedra,Pigüé,Pigal,Localidad simple,represented_in_assignment,840,100.0,,840,Pigüé,True,
06505020,06505,Magdalena,Bartolomé Bavio,Bartolomd Bavio,Localidad simple,represented_in_assignment,604,100.0,,604,Bartolomé Bavio,True,
06707060,06707,Saladillo,Saladillo,Saladillo,Localidad simple,represented_in_assignment,852 | 846,99.9673,,852 | 846,Saladillo,True,
06007010,06007,Adolfo Alsina,Carhué,Carhui,Localidad simple,represented_in_assignment,2 | 1,100.0,,2 | 1,Carhué,True,
06287010,06287,General Alvear,General Alvear,General Alvear,Localidad simple,represented_in_assignment,310,100.0,,310,General Alvear,True,
06266160,06266,Exaltación de la Cruz,Torres,Torres,Componente de localidad compuesta,represented_in_assignment,295,98.7676,600,295,Torres,True,
06826040,06826,Trenque Lauquen,30 de Agosto,30 de Agosto,Localidad simple,represented_in_assignment,961,100.0,,961,30 de Agosto,True,
06742030,06742,San Cayetano,San Cayetano,San Cayetano,Localidad simple,represented_in_assignment,871,100.0,,871,San Cayetano,True,
06385030,06385,General Viamonte,Los Toldos,Los Toldos,Localidad simple,represented_in_assignment,405 | 404 | 409,100.0,,405 | 404 | 409,Los Toldos,True,
06728040,06728,San Andrés de Giles,San Andrés de Giles,San Andrds de Giles,Localidad simple,represented_in_assignment,860,100.0,,860,San Andrés de Giles,True,
06595110,06595,Olavarría,Sierras Bayas,Sierras Bayas,Localidad simple,represented_in_assignment,719A | 717,100.0,,719A | 717,Sierras Bayas,True,
06336020,06336,General Lavalle,General Lavalle,General Lavalle,Localidad simple,represented_in_assignment,338,100.0,,338,General Lavalle,True,
06518020,06518,Mar Chiquita,General Pirán,General Piren,Localidad simple,represented_in_assignment,620,100.0,,620,General Pirán,True,
06412010,06412,José C. Paz,José C. Paz,Josa C. Paz,Componente de localidad compuesta,represented_in_assignment,398B | 398A | 398,99.9192,,398B | 398A | 398,José C. Paz,True,
06196010,06196,Coronel Pringles,Coronel Pringles,Coronel Pringles,Localidad simple,represented_in_assignment,240,100.0,,240,Coronel Pringles,True,
06112040,06112,Bragado,Eduardo O'Brien,Eduardo O'Brien,Localidad simple,represented_in_assignment,143,100.0,,143,Eduardo O'Brien,True,
06525005,06525,Marcos Paz,Barrio Lisandro de La Torre y Santa Marta,Barrio Lisandro de La Torre y Santa Marta,Componente de localidad compuesta,represented_in_assignment,624A,98.0172,158B | 635E,624A,Barrio Lisandro de La Torre y Santa Marta,True,
06665030,06665,Ramallo,Pérez Millán,Porez MillPn,Localidad simple,represented_in_assignment,803,100.0,,803,Pérez Millán,True,
06672010,06672,Rauch,Rauch,Rauch,Localidad simple,represented_in_assignment,806 | 812,100.0,,806 | 812,Rauch,True,
06525010,06525,Marcos Paz,Barrio Santa Rosa,Barrio Santa Rosa,Componente de localidad compuesta,official_locality_not_represented,624A,97.4037,158B,,Barrio Lisandro de La Torre y Santa Marta,True,
06277020,06277,Florentino Ameghino,Florentino Ameghino,Florentino Ameghino,Localidad simple,represented_in_assignment,361,100.0,,361,Florentino Ameghino,True,
06182030,06182,Coronel de Marina Leonardo Rosales,Punta Alta,Punta Alta,Localidad simple,represented_in_assignment,248F | 248 | 248C | 248E | 249B | 248D | 249A,99.3166,,248F | 248 | 248C | 248E | 249B | 248D | 249A,Punta Alta,True,
06655050,06655,Punta Indio,Verónica,Veranica,Localidad simple,represented_in_assignment,613,100.0,,613,Verónica,True,
06665050,06665,Ramallo,Villa General Savio,Villa General Savio,Localidad simple,official_locality_not_represented,800,100.0,,,San Nicolás,True,
06763010,06763,San Nicolás,Conesa,Conesa,Localidad simple,represented_in_assignment,910,100.0,,910,Conesa,True,
06224050,06224,Chivilcoy,Moquehuá,Moquehua,Localidad simple,represented_in_assignment,223 | 222,100.0,,223 | 222,Moquehuá,True,
06270010,06270,Ezeiza,Ezeiza,Ezeiza,Componente de localidad compuesta,represented_in_assignment,290B | 290A | 290 | 289,99.7792,,290B | 290A | 290,Esteban Echeverría | Ezeiza,True,
06021030,06021,Alberti,Mechita,Mechita,Componente de localidad compuesta,represented_in_assignment,11,51.7932,137,11,Mechita,True,
06819040,06819,Tornquist,Tornquist,Tornquist,Localidad simple,represented_in_assignment,953,100.0,,953,Tornquist,True,
06231030,06231,Daireaux,Daireaux,Daireaux,Localidad simple,represented_in_assignment,179,99.9531,,179,Daireaux,True,
06462040,06462,Leandro N. Alem,Juan Bautista Alberdi,Juan Bautista Alberdi,Localidad simple,represented_in_assignment,552,100.0,,552,Juan Bautista Alberdi,True,
06469100,06469,Lincoln,Roberts,Roberts,Localidad simple,represented_in_assignment,562,100.0,,562,Roberts,True,
06203050,06203,Coronel Suárez,Huanguelén,Huangueldn,Localidad simple,represented_in_assignment,254,99.5279,433,254,Huanguelén,True,
06427010,06427,La Matanza,La Matanza,La Matanza,Componente de localidad compuesta,represented_in_assignment,635E | 635D | 635F | 635A | 635 | 635C | 635B | 629B | 631B | 631A | 632 | 631C | 633 | 629A | 631D | 632A | 626A | 632B | 631 | 629 | 634 | 626 | 627 | 628 | 630,99.581,,635F | 635A | 635 | 631A | 631C | 633 | 629A | 631D | 632A | 626A | 632B | 631 | 629 | 634 | 626 | 627 | 628 | 630,Barrio Lisandro de La Torre y Santa Marta | Esteban Echeverría | Ezeiza | La Matanza,True,
06602070,06602,Patagones,Villalonga,Villalonga,Localidad simple,represented_in_assignment,732,100.0,,732,Villalonga,True,
06630010,06630,Pila,Pila,Pila,Localidad simple,represented_in_assignment,765,100.0,,765,Pila,True,
06294050,06294,General Arenales,General Arenales,General Arenales,Localidad simple,represented_in_assignment,314 | 315,100.0,,314 | 315,General Arenales,True,
06007080,06007,Adolfo Alsina,Rivera,Rivera,Localidad simple,represented_in_assignment,3,100.0,,3,Rivera,True,
06399020,06399,Guaminí,Casbas,Casbas,Localidad simple,represented_in_assignment,431 | 434,100.0,,431 | 434,Casbas,True,
06252010,06252,Escobar,Escobar,Escobar,Componente de localidad compuesta,represented_in_assignment,773A | 773B | 775 | 773 | 774,99.7837,156,773A | 773B | 775 | 773 | 774,Escobar,True,
06112020,06112,Bragado,Bragado,Bragado,Localidad simple,represented_in_assignment,139 | 137 | 136,100.0,,139 | 136,Bragado | Mechita,True,
06399040,06399,Guaminí,Guaminí,Guamind,Localidad simple,represented_in_assignment,430,100.0,,430,Guaminí,True,
06035010,06035,Avellaneda,Avellaneda,Avellaneda,Componente de localidad compuesta,represented_in_assignment,34 | 33 | 37 | 32 | 31 | 23 | 30 | 25 | 24 | 27 | 26 | 40 | 39 | 38,97.3203,,34 | 33 | 37 | 32 | 31 | 23 | 30 | 25 | 24 | 27 | 26 | 40 | 39 | 38,Avellaneda,True,
06826050,06826,Trenque Lauquen,Trenque Lauquen,Trenque Lauquen,Localidad simple,represented_in_assignment,957,100.0,,957,Trenque Lauquen,True,
06735020,06735,San Antonio de Areco,San Antonio de Areco,San Antonio de Areco,Localidad simple,represented_in_assignment,867 | 866 | 869 | 870,100.0,,867 | 866 | 869 | 870,San Antonio de Areco,True,
06260010,06260,Esteban Echeverría,Esteban Echeverría,Esteban Echeverrna,Componente de localidad compuesta,represented_in_assignment,287B | 287A | 287 | 287C | 287D | 288 | 291 | 288A | 288B | 286A | 286 | 291A,99.7171,289,287B | 287A | 287 | 287C | 288A | 288B | 286A | 286 | 291A,Almirante Brown | Esteban Echeverría,True,
06574030,06574,Navarro,Navarro,Navarro,Localidad simple,represented_in_assignment,678 | 675 | 676,100.0,,678 | 675 | 676,Navarro,True,
06539010,06539,Merlo,Merlo,Merlo,Componente de localidad compuesta,represented_in_assignment,654 | 655A | 653 | 652A | 655 | 652,99.4713,624 | 664B | 663A,652A,Ituzaingó | La Matanza | Marcos Paz | Merlo,True,
06351020,06351,General Pinto,General Pinto,General Pinto,Localidad simple,represented_in_assignment,354,100.0,,354,General Pinto,True,
06595120,06595,Olavarría,Villa Alfredo Fortabat - Villa La Serranía,Villa Alfredo Fortabat - Villa La Serran a,Localidad simple,official_locality_not_represented,719 | 714,100.0,,,Olavarría,True,
06134070,06134,Cañuelas,Uribelarrea,Uribelarrea,Localidad simple,represented_in_assignment,159,99.4799,581 | 547,159,Uribelarrea,True,
06770060,06770,San Pedro,Santa Lucía,Santa Luc,Localidad simple,represented_in_assignment,922,100.0,,922,Santa Lucía,True,
06455030,06455,Las Flores,Las Flores,Las Flores,Localidad simple,represented_in_assignment,538,100.0,,538,Las Flores,True,
06602060,06602,Patagones,Stroeder,Stroeder,Localidad simple,represented_in_assignment,731,100.0,,731,Stroeder,True,
06833020,06833,Tres Arroyos,Claromecó,Claromecd,Localidad simple,represented_in_assignment,973A,93.6211,,973A,Claromecó,True,
06119020,06119,Brandsen,Barrio Las Golondrinas,Barrio Las Golondrinas,Componente de localidad compuesta,represented_in_assignment,151,100.0,,151,Barrio Las Golondrinas,True,
06105060,06105,Bolívar,San Carlos de Bolívar,San Carlos de Bollvar,Localidad simple,represented_in_assignment,125,100.0,,125,San Carlos de Bolívar,True,
06140010,06140,Capitán Sarmiento,Capitán Sarmiento,Capitin Sarmiento,Localidad simple,represented_in_assignment,121,100.0,,121,Capitán Sarmiento,True,
06854060,06854,25 de Mayo,Norberto de la Riestra,Norberto de la Riestra,Localidad simple,represented_in_assignment,983,100.0,,983,Norberto de la Riestra,True,
06301010,06301,General Belgrano,General Belgrano,General Belgrano,Localidad simple,represented_in_assignment,320,99.7812,662,320,General Belgrano,True,
06476030,06476,Lobería,Lobería,Loberia,Localidad simple,represented_in_assignment,568A | 568,100.0,,568A | 568,Lobería,True,
06875025,06875,Villarino,Country Club Los Médanos,Country Club Los MCdanos,Localidad simple,represented_in_assignment,1007,100.0,,1007,Country Club Los Médanos,True,
06154010,06154,Carlos Tejedor,Carlos Tejedor,Carlos Tejedor,Localidad simple,represented_in_assignment,169,100.0,,169,Carlos Tejedor,True,
06112080,06112,Bragado,Mechita,Mechita,Componente de localidad compuesta,represented_in_assignment,137,100.0,,137,Mechita,True,
06028010,06028,Almirante Brown,Almirante Brown,Almirante Brown,Componente de localidad compuesta,represented_in_assignment,22 | 21 | 21A | 20 | 20A | 22C | 22A | 17 | 19 | 18 | 22B | 18A,99.8627,,22 | 21 | 21A | 20 | 20A | 22C | 22A | 17 | 19 | 18 | 22B | 18A,Almirante Brown,True,
06462050,06462,Leandro N. Alem,Leandro N. Alem,Leandro N. Alem,Localidad simple,represented_in_assignment,551,100.0,,551,Leandro N. Alem,True,
06568010,06568,Morón,Morón,Moran,Componente de localidad compuesta,official_locality_not_represented,665 | 673 | 672 | 669 | 670 | 671,99.8518,,,Hurlingham | Ituzaingó | La Matanza | Merlo,True,
06091010,06091,Berazategui,Berazategui,Berazategui,Componente de localidad compuesta,represented_in_assignment,792B | 792A | 792C | 792 | 790A | 790 | 789A | 789E | 789F | 789 | 792D | 789B | 789D | 789C,99.7519,,792B | 792A | 792C | 792 | 790A | 790 | 789A | 789E | 789F | 789 | 792D | 789B | 789D | 789C,Berazategui,True,
06581030,06581,Necochea,Juan N. Fernández,Juan N. Fernandez,Localidad simple,represented_in_assignment,691,100.0,,691,Juan N. Fernandez,True,
06763030,06763,San Nicolás,General Rojo,General Rojo,Localidad simple,represented_in_assignment,909 | 906,100.0,,909 | 906,General Rojo,True,
06462060,06462,Leandro N. Alem,Vedia,Vedia,Localidad simple,represented_in_assignment,553 | 552 | 549,100.0,,553 | 549,Juan Bautista Alberdi | Vedia,True,
06770010,06770,San Pedro,Gobernador Castro,Gobernador Castro,Localidad simple,represented_in_assignment,917,100.0,,917,Gobernador Castro,True,
06231060,06231,Daireaux,Salazar,Salazar,Localidad simple,represented_in_assignment,183,100.0,,183,Salazar,True,
06602030,06602,Patagones,Carmen de Patagones,Carmen de Patagones,Componente de localidad compuesta,represented_in_assignment,729,100.0,,729,Carmen de Patagones,True,
06042010,06042,Ayacucho,Ayacucho,Ayacucho,Localidad simple,represented_in_assignment,46,100.0,,46,Ayacucho,True,
06274010,06274,Florencio Varela,Florencio Varela,Florencio Varela,Componente de localidad compuesta,represented_in_assignment,302F | 302B | 302C | 302A | 303 | 303A | 303B | 302E | 302D | 302,99.7312,21A,302C | 303A,Almirante Brown | Berazategui | Florencio Varela,True,
06763050,06763,San Nicolás,San Nicolás de los Arroyos,San Nicol,Componente de localidad compuesta,represented_in_assignment,906 | 907 | 903 | 902 | 907A | 911 | 904 | 901B | 901 | 901A | 905,99.8801,,907 | 903 | 902 | 907A | 911 | 904 | 901B | 901 | 901A | 905,General Rojo | San Nicolás,True,
06581050,06581,Necochea,Nicanor Olivera,Nicanor Olivera,Localidad simple,represented_in_assignment,687,100.0,,687,Nicanor Olivera,True,
06483040,06483,Lobos,Lobos,Lobos,Localidad simple,represented_in_assignment,579 | 574 | 575 | 576A | 576 | 581,100.0,,579 | 574 | 575 | 576A | 576 | 581,Lobos,True,
06238010,06238,Dolores,Dolores,Dolores,Localidad simple,represented_in_assignment,281 | 283,100.0,,281 | 283,Dolores,True,
06119070,06119,Brandsen,Jeppener,Jeppener,Localidad simple,represented_in_assignment,152 | 150,100.0,,152,Brandsen | Jeppener,True,
06049020,06049,Azul,Azul,Azul,Localidad simple,represented_in_assignment,60 | 66,100.0,,60 | 66,Azul,True,
06595100,06595,Olavarría,Sierra Chica,Sierra Chica,Localidad simple,represented_in_assignment,716,100.0,,716,Sierra Chica,True,
06490010,06490,Lomas de Zamora,Lomas de Zamora,Lomas de Zamora,Componente de localidad compuesta,represented_in_assignment,583E | 589 | 585 | 584 | 583C | 583 | 583D | 593 | 592 | 593A | 591 | 590 | 587 | 588 | 590A | 586 | 583B | 583A,99.8693,,583C | 592 | 591 | 587 | 588 | 586,Almirante Brown | Esteban Echeverría | La Matanza | Lanús | Lomas de Zamora,True,
06616030,06616,Pellegrini,Pellegrini,Pellegrini,Localidad simple,represented_in_assignment,743,100.0,,743,Pellegrini,True,
06392080,06392,General Villegas,Piedritas,Piedritas,Localidad simple,represented_in_assignment,416,100.0,,416,Piedritas,True,
06322010,06322,General La Madrid,General La Madrid,General La Madrid,Localidad simple,represented_in_assignment,330,100.0,,330,General La Madrid,True,
06798020,06798,Tapalqué,Tapalqué,Tapalqua,Localidad simple,represented_in_assignment,945 | 944,100.0,,945 | 944,Tapalqué,True,
06126030,06126,Campana,Campana,Campana,Componente de localidad compuesta,represented_in_assignment,156A | 156B | 155A | 156 | 155,99.7485,293,156A | 156B | 155A | 156 | 155,Campana,True,
06553020,06553,Monte Hermoso,Monte Hermoso,Monte Hermoso,Localidad simple,represented_in_assignment,239,91.996,,239,Monte Hermoso,True,
06770040,06770,San Pedro,Río Tala,Roo Tala,Localidad simple,represented_in_assignment,914,100.0,,914,Río Tala,True,
06560010,06560,Moreno,Moreno,Moreno,Componente de localidad compuesta,represented_in_assignment,664B | 663 | 663A | 664A | 663B | 664 | 663C | 663D,99.5751,374,664A | 663B | 663D,General Rodríguez | Ituzaingó | Merlo | Moreno,True,
06134060,06134,Cañuelas,Barrio San Esteban - Barrio Los Pozos,Barrio San Esteban - Barrio Los Pozos,Componente de localidad compuesta,represented_in_assignment,158 | 158B,99.9768,,158,Barrio Lisandro de La Torre y Santa Marta | Barrio San Esteban - Barrio Los Pozos,True,
06084020,06084,Benito Juárez,Benito Juárez,Benito Ju,Localidad simple,represented_in_assignment,436,100.0,,436,Benito Juárez,True,
06819030,06819,Tornquist,Sierra de la Ventana,Sierra de la Ventana,Componente de localidad compuesta,represented_in_assignment,955 | 955A,98.8675,256A,955 | 955A,Sierra de la Ventana,True,
06770050,06770,San Pedro,San Pedro,San Pedro,Localidad simple,represented_in_assignment,915 | 913 | 916,100.0,,915 | 916,Baradero | San Pedro,True,
06077010,06077,Arrecifes,Arrecifes,Arrecifes,Localidad simple,represented_in_assignment,117A | 118 | 117,100.0,,117A | 118 | 117,Arrecifes,True,
06408010,06408,Hurlingham,Hurlingham,Hurlingham,Componente de localidad compuesta,represented_in_assignment,668B | 668A | 668,99.8097,,668B | 668A | 668,Hurlingham,True,
06063010,06063,Balcarce,Balcarce,Balcarce,Localidad simple,represented_in_assignment,104 | 102 | 98,100.0,,104 | 102 | 98,Balcarce,True,
06875030,06875,Villarino,Hilario Ascasubi,Hilario Ascasubi,Localidad simple,represented_in_assignment,1011A,100.0,,1011A,Hilario Ascasubi,True,
06756010,06756,San Isidro,San Isidro,San Isidro,Componente de localidad compuesta,represented_in_assignment,892A | 892 | 891 | 895 | 893 | 888 | 894 | 887 | 889 | 890,99.791,,891 | 895 | 888 | 894 | 887,General San Martín | San Fernando | San Isidro,True,
06644010,06644,Pinamar,Pinamar,Pinamar,Componente de localidad compuesta,official_locality_not_represented,339C | 339B | 339A | 339,99.5709,342,,,False,Ring Self-intersection[-56.9062231490957 -37.1279121771081]
06581040,06581,Necochea,Necochea ? Quequén,Necochea ? Quequen,Localidad simple,represented_in_assignment,686 | 686A,99.7731,570,686 | 686A,Necochea - Quequén,True,
06134030,06134,Cañuelas,Cañuelas,Cacuelas,Localidad simple,represented_in_assignment,157 | 158 | 158B,100.0,,157,Barrio Lisandro de La Torre y Santa Marta | Barrio San Esteban - Barrio Los Pozos | Cañuelas,True,
06497060,06497,Luján,Luján,Lujan,Componente de localidad compuesta,represented_in_assignment,598 | 596 | 599 | 597 | 602 | 600,99.9757,,596 | 599 | 602,Club de Campo Los Puentes | General Rodríguez | Lujan | Torres,True,
06098010,06098,Berisso,Berisso,Berisso,Componente de localidad compuesta,represented_in_assignment,513A | 511 | 513 | 512,99.8933,,513A | 511 | 513 | 512,Berisso,True,
06134050,06134,Cañuelas,Máximo Paz,Moximo Paz,Componente de localidad compuesta,official_locality_not_represented,158A,98.1728,290B,,Ezeiza,True,
06049030,06049,Azul,Cacharí,Cachard,Localidad simple,represented_in_assignment,67,100.0,,67,Cacharí,True,
06595070,06595,Olavarría,Olavarría,Olavarraa,Localidad simple,represented_in_assignment,714 | 711D | 712 | 711 | 711E | 711B | 711A | 711C,99.9952,,714 | 711D | 712 | 711 | 711E | 711B | 711A | 711C,Olavarría,True,
06245010,06245,Ensenada,Ensenada,Ensenada,Componente de localidad compuesta,represented_in_assignment,490 | 492 | 491 | 491A,99.8177,,492,Berazategui | Berisso | Ensenada,True,
06847020,06847,Tres Lomas,Tres Lomas,Tres Lomas,Localidad simple,represented_in_assignment,744,100.0,,744,Tres Lomas,True,
06280010,06280,General Alvarado,Comandante Nicanor Otamendi,Comandante Nicanor Otamendi,Localidad simple,represented_in_assignment,306,100.0,,306,Comandante Nicanor Otamendi,True,
06760010,06760,San Miguel,San Miguel,San Miguel,Componente de localidad compuesta,official_locality_not_represented,402 | 397C | 400 | 401A | 397B | 397A | 397 | 401,98.8255,668A | 395 | 394,,General San Martín | Hurlingham | Ituzaingó | José C. Paz | Moreno,True,
06749010,06749,San Fernando,San Fernando,San Fernando,Componente de localidad compuesta,represented_in_assignment,879A | 880A | 880B | 878A | 879 | 878 | 877 | 880 | 873 | 872 | 875 | 876 | 874,97.7598,534A | 534 | 530 | 533,879A | 880A | 880B | 878A | 879 | 878 | 877 | 880 | 873 | 872 | 875 | 876 | 874,San Fernando,True,
06266020,06266,Exaltación de la Cruz,Capilla del Señor,Capilla del Selor,Localidad simple,represented_in_assignment,297 | 292 | 296,99.9522,,297 | 292 | 296,Capilla del Señor,True,
06638040,06638,Pilar,Pilar,Pilar,Componente de localidad compuesta,represented_in_assignment,769 | 772B | 770E | 770F | 770D | 768B | 770 | 768C | 768A | 769A | 768 | 770C | 770B | 771C | 771D | 771A | 770A | 771B | 771 | 772 | 772A,99.8754,,770F | 768B | 770 | 768A | 768 | 770A | 772,Campana | Escobar | General Rodríguez | José C. Paz | Los Cardales | Lujan | Pilar,True,
06084050,06084,Benito Juárez,Villa Cacique - Barker,Villa Cacique - Barker,Localidad simple,represented_in_assignment,439,100.0,,439,Villa Cacique - Barker,True,
06882050,06882,Zárate,Zárate,Zorate,Componente de localidad compuesta,represented_in_assignment,1019 | 1014 | 1016 | 1015 | 1013 | 1017 | 1018 | 1013A,99.945,,1019 | 1014 | 1016 | 1015 | 1013 | 1017 | 1018 | 1013A,Zárate,True,
06497090,06497,Luján,Torres,Torres,Componente de localidad compuesta,represented_in_assignment,600,97.7273,295,600,Torres,True,
06778020,06778,San Vicente,San Vicente,San Vicente,Componente de localidad compuesta,official_locality_not_represented,925 | 924 | 926,99.7849,304B,,Barrio Parque Las Acacias | El Lauquen - Principado | Florencio Varela,True,
06505040,06505,Magdalena,Magdalena,Magdalena,Localidad simple,represented_in_assignment,606,100.0,,606,Magdalena,True,
06056020,06056,Bahía Blanca,Cabildo,Cabildo,Localidad simple,represented_in_assignment,80,100.0,,80,Cabildo,True,
06364030,06364,General Rodríguez,General Rodríguez,General Rodrnguez,Componente de localidad compuesta,represented_in_assignment,374,99.4566,598 | 597,374,General Rodríguez,True,
06315020,06315,General Juan Madariaga,Divisadero,Divisadero,Componente de localidad compuesta,represented_in_assignment,342,100.0,,342,Divisadero,True,
06588100,06588,9 de Julio,9 de Julio,9 de Julio,Localidad simple,represented_in_assignment,705A | 696,100.0,,705A | 696,9 de Julio,True,
06778030,06778,San Vicente,Santa Rita - San Lucas,Santa Rita - San Lucas,Componente de localidad compuesta,official_locality_not_represented,924,99.9521,,,El Lauquen - Principado,True,
06434010,06434,Lanús,Lanús,Lanas,Componente de localidad compuesta,represented_in_assignment,271 | 273 | 272 | 262 | 263 | 265 | 264 | 261 | 275 | 260 | 276 | 274 | 259,99.864,,273 | 263 | 265 | 264 | 275 | 276 | 274,Avellaneda | Lanús,True,
06119050,06119,Brandsen,Brandsen,Brandsen,Localidad simple,represented_in_assignment,150 | 148,100.0,,150,Barrio Parque Las Acacias | Brandsen,True,
06420030,06420,La Costa,San Clemente del Tuyú,San Clemente del Tuyt,Localidad simple,official_locality_not_represented,337,99.264,338B,,Mar del Tuyú - Mar de Ajó - San Bernardo,True,
06357110,06357,General Pueyrredón,Mar del Plata,Mar del Plata,Localidad simple,represented_in_assignment,370A | 370B | 370 | 364 | 364C | 370E | 364D | 364A | 370G | 364E | 366 | 364B | 366A | 370F | 365 | 365A | 367 | 365C | 365B | 365D | 365E | 365F | 368 | 368A | 368B,99.9098,,370A | 370B | 370 | 364 | 364C | 370E | 364D | 364A | 370G | 364E | 366 | 364B | 366A | 370F | 365 | 365A | 367 | 365C | 365B | 365D | 365E | 365F | 368 | 368A | 368B,Mar del Plata,True,
06413050,06413,Junín,Junín,Junan,Localidad simple,represented_in_assignment,448 | 447 | 446 | 444 | 445,99.9935,,447 | 446 | 444 | 445,Baigorrita | Junín,True,
06371010,06371,General San Martín,General San Martín,General San Martln,Componente de localidad compuesta,represented_in_assignment,380 | 384 | 376 | 388A | 379 | 382 | 388C | 378 | 388B | 377 | 381 | 377A,99.6498,390,380 | 384 | 376 | 388A | 379 | 382 | 388C | 378 | 388B | 377 | 381 | 377A,General San Martín,True,
06868020,06868,Villa Gesell,Villa Gesell,Villa Gesell,Localidad simple,represented_in_assignment,344,99.4508,343,344,Villa Gesell,True,
06595060,06595,Olavarría,Hinojo,Hinojo,Localidad simple,represented_in_assignment,715,100.0,,715,Hinojo,True,
06203020,06203,Coronel Suárez,Coronel Suárez,Coronel SuCrez,Localidad simple,represented_in_assignment,252 | 258A | 258B,100.0,,252 | 258A | 258B,Coronel Suárez,True,
06329020,06329,General Las Heras,General Las Heras,General Las Heras,Localidad simple,official_locality_not_represented,547,100.0,,,Barrio Santa Rosa,True,
06532020,06532,Mercedes,Mercedes,Mercedes,Localidad simple,represented_in_assignment,644 | 643 | 647 | 645 | 641 | 640 | 638 | 639 | 642 | 646,100.0,,644 | 643 | 647 | 645 | 641 | 640 | 638 | 639 | 642 | 646,Mercedes,True,
06700070,06700,Saavedra,Saavedra,Saavedra,Localidad simple,represented_in_assignment,839,100.0,,839,Saavedra,True,
06357120,06357,General Pueyrredón,Sierra de los Padres,Sierra de los Padres,Localidad simple,official_locality_not_represented,369,100.0,,,Mar del Plata,True,
06882040,06882,Zárate,Lima,Lima,Localidad simple,represented_in_assignment,1021,100.0,,1021,Lima,True,
06518060,06518,Mar Chiquita,Santa Clara del Mar,Santa Clara del Mar,Localidad simple,represented_in_assignment,622A | 622,100.0,,622A | 622,Santa Clara del Mar,True,
06294020,06294,General Arenales,Ascensión,Ascensian,Localidad simple,represented_in_assignment,316,100.0,,316,Ascensión,True,
06833100,06833,Tres Arroyos,Tres Arroyos,Tres Arroyos,Localidad simple,represented_in_assignment,964,100.0,,964,Tres Arroyos,True,
06805010,06805,Tigre,Tigre,Tigre,Componente de localidad compuesta,represented_in_assignment,534A | 535A | 535 | 534 | 536 | 536A | 530 | 533,99.7448,,535,Escobar | General San Martín | San Fernando | Tigre,True,
06448010,06448,Laprida,Laprida,Laprida,Localidad simple,represented_in_assignment,524,100.0,,524,Laprida,True,
06266060,06266,Exaltación de la Cruz,Pavón - Barrio El Remanso - Barrio Los Pinos,Pavan - Barrio El Remanso - Barrio Los Pinos,Componente de localidad compuesta,represented_in_assignment,295 | 294 | 293,99.6443,769,294,Campana | Pavón - Barrio El Remanso - Barrio Los Pinos | Torres,True,
06854100,06854,25 de Mayo,25 de Mayo,25 de Mayo,Localidad simple,represented_in_assignment,980,100.0,,980,25 de Mayo,True,
06410010,06410,Ituzaingó,Ituzaingó,Ituzaingd,Componente de localidad compuesta,represented_in_assignment,667 | 666 | 666A,99.5576,663C,667,Hurlingham | Ituzaingó,True,
06357080,06357,General Pueyrredón,Chapadmalal,Chapadmalal,Localidad simple,represented_in_assignment,370D | 370C,99.7578,,370D | 370C,Chapadmalal,True,
06714060,06714,Salto,Salto,Salto,Localidad simple,represented_in_assignment,854 | 856 | 855A,100.0,,854 | 856 | 855A,Salto,True,
06021010,06021,Alberti,Alberti,Alberti,Localidad simple,represented_in_assignment,10,100.0,,10,Alberti,True,
06721020,06721,Salliqueló,Salliqueló,Salliquel,Localidad simple,represented_in_assignment,746,100.0,,746,Salliquel,True,
06665040,06665,Ramallo,Ramallo,Ramallo,Localidad simple,represented_in_assignment,804 | 797 | 799,100.0,,804 | 797 | 799,Ramallo,True,
06210020,06210,Chacabuco,Chacabuco,Chacabuco,Localidad simple,represented_in_assignment,196 | 189,99.9377,,196 | 189,Chacabuco,True,
06441030,06441,La Plata,La Plata,La Plata,Componente de localidad compuesta,represented_in_assignment,496F | 497E | 496E | 497B | 498 | 497A | 509A | 509 | 497F | 508G | 508E | 497D | 505B | 497C | 508D | 508F | 508C | 497 | 508A | 495 | 508B | 496A | 496D | 496C | 496B | 496 | 520 | 519 | 508 | 501 | 503A | 503 | 516 | 475 | 460 | 469 | 477 | 502 | 505A | 504A | 504 | 505,98.5062,,496F | 497E | 496E | 497B | 497A | 509A | 509 | 497F | 508E | 497D | 497C | 508D | 508F | 508C | 497 | 508A | 495 | 508B | 496D | 496C | 496B | 508 | 501 | 503A | 503 | 475,Barrio Las Golondrinas | Berazategui | Berisso | Campos de Roca - Posada de Los Lagos | Ensenada | La Plata,True,
06070010,06070,Baradero,Baradero,Baradero,Localidad simple,represented_in_assignment,107 | 106 | 105,99.8032,913,107 | 106 | 105,Baradero,True,
06357090,06357,General Pueyrredón,El Marquesado,El Marquesado,Componente de localidad compuesta,official_locality_not_represented,370D,98.4069,305,,Chapadmalal,True,
06525020,06525,Marcos Paz,Marcos Paz,Marcos Paz,Componente de localidad compuesta,official_locality_not_represented,624A | 624,99.9991,,,Barrio Lisandro de La Torre y Santa Marta | La Matanza,True,
06218010,06218,Chascomús,Chascomús,Chascomas,Localidad simple,represented_in_assignment,201 | 203,100.0,,201 | 203,Chascomús,True,
06840010,06840,Tres de Febrero,Tres de Febrero,Tres de Febrero,Componente de localidad compuesta,represented_in_assignment,393 | 392 | 391 | 389 | 394A | 390 | 395 | 394,99.0478,,392,General San Martín | Hurlingham | La Matanza | Morón | Tres de Febrero,True,
06515010,06515,Malvinas Argentinas,Malvinas Argentinas,Malvinas Argentinas,Componente de localidad compuesta,represented_in_assignment,399F | 399D | 399E | 399 | 399A | 399G | 399B | 399C,99.5667,773A,399D | 399E | 399A | 399G | 399B | 399C,José C. Paz | Malvinas Argentinas,True,
06861010,06861,Vicente López,Vicente López,Vicente L,Componente de localidad compuesta,represented_in_assignment,997 | 999 | 998 | 996 | 1000 | 995 | 1000A | 994 | 993 | 993A | 1001 | 1001A,98.7525,,997 | 998 | 996 | 995 | 994 | 993 | 993A,General San Martín | San Isidro | Vicente López,True,
06547020,06547,Monte,San Miguel del Monte,San Miguel del Monte,Localidad simple,represented_in_assignment,660 | 656,100.0,,660 | 656,San Miguel del Monte,True,
06791050,06791,Tandil,Tandil,Tandil,Localidad simple,represented_in_assignment,933E | 935 | 933A | 933M | 934 | 933D | 933C | 933F | 933K | 933B | 933G | 933L | 933J | 933I | 933H,99.9693,,933E | 935 | 933A | 933M | 934 | 933D | 933C | 933F | 933K | 933B | 933G | 933L | 933J | 933I | 933H,Tandil,True,
06014010,06014,Adolfo Gonzales Chaves,Adolfo Gonzales Chaves,Adolfo Gonzales Chaves,Localidad simple,represented_in_assignment,424,100.0,,424,Adolfo Gonzales Chaves,True,
06686060,06686,Rojas,Rojas,Rojas,Localidad simple,represented_in_assignment,823,100.0,,823,Rojas,True,
06679030,06679,Rivadavia,González Moreno,Gonzllez Moreno,Localidad simple,represented_in_assignment,817,100.0,,817,González Moreno,True,
06224010,06224,Chivilcoy,Chivilcoy,Chivilcoy,Localidad simple,represented_in_assignment,219 | 211 | 215,100.0,,219 | 211 | 215,Chivilcoy,True,
06648010,06648,Presidente Perón,Presidente Perón,Presidente Perin,Componente de localidad compuesta,official_locality_not_represented,304B | 304 | 304A | 304C,99.6526,924,,Almirante Brown | Esteban Echeverría,True,
06623100,06623,Pergamino,Pergamino,Pergamino,Localidad simple,represented_in_assignment,747A | 748D | 748B | 748 | 748A | 748C,100.0,,747A | 748D | 748B | 748 | 748A | 748C,Pergamino,True,
06784020,06784,Suipacha,Suipacha,Suipacha,Localidad simple,represented_in_assignment,929,100.0,,929,Suipacha,True,
06833060,06833,Tres Arroyos,Orense,Orense,Localidad simple,represented_in_assignment,972,100.0,,972,Orense,True,
06119040,06119,Brandsen,Barrio Parque Las Acacias,Barrio Parque Las Acacias,Componente de localidad compuesta,represented_in_assignment,148,99.7401,926,148,Barrio Parque Las Acacias,True,
06778010,06778,San Vicente,Domselaar,Domselaar,Componente de localidad compuesta,official_locality_not_represented,926,99.8497,148,,Barrio Parque Las Acacias,True,
